/raznoe/18-let-spustya.html>женщина, одна, 18, лет 
/raznoe/2-voennyx.html>Салимоненко, Дмитрий, Александрович, акция, москва, 17 августа 2019 г., военные
/raznoe/akkumulatory.html>акумулятор, автомобиль, машина 
/raznoe/amortizatory.html>автомобиль, амортизатор, машина
/raznoe/belarus.html> сайт, персональный, Беларусь, Белоруссия, митинг
/raznoe/boikot.html>фашист, бойкот 
/raznoe/chaj.html>Салимоненко, Дмитрий, Александрович, чай
/raznoe/chto-dal-budda.html>Салимоненко, Дмитрий, быть, Александрович, Будда
/raznoe/datchiki-urovna.html>Салимоненко, Дмитрий, Александрович, №номер, датчик, уровня, жидкость, топливо, бензин, карбюратор, измерить, уровнемер 
/raznoe/den-li-pobedy.html>Салимоненко, Дмитрий, Александрович, победа, мировая, война, история, 1941, 1945 
/raznoe/dudaev.html>Дудаев, Джохар, газета, видео, сми
/raznoe/eh.html>страна, свобода, россия, ссср 
/raznoe/esche-o-sne.html>сон,  бытие 
/raznoe/esli-zabolel.html>болезнь, вера, монахи, монастырь
/raznoe/forsoonka.html>автомобиль, форсунка, стеклоомыватель, модернизация
/raznoe/hotyat-otnyat-detej-net-televizora.html>нет, телевизора, хотят, отнять, детей, прокуратура, беспредел, дерьмо
