Здесь содержатся ссылки на файлы, которых НЕТ на сервере (но в файле карты сайта ссылки на них есть):
/raznoe/10-sekund-muzyki.html
/raznoe/benzopila.html
/raznoe/bespredel-vce-blizshe.html
/raznoe/bezglagolnost-edinochestva.html
/raznoe/blatnye.html
/raznoe/bydlo.html
/raznoe/chelovek-ili-zshivotnoe.html
/raznoe/dalnevostochnyj-gektar.html
/raznoe/elektro-svarka.html
/raznoe/fashisty.html
/raznoe/gadanie.html
/raznoe/glushitel.html
/raznoe/golodanie.html
/raznoe/holodilnik-saratov.html
/raznoe/ili-uvolnenie.html
/raznoe/js-pictures-fips-ru.html
/raznoe/kamera.html
/raznoe/karburator.html
/raznoe/kitai.html
/raznoe/konspekt-tele.html
/raznoe/kontslager-Moscow-12-2021.html
/raznoe/kontslager-Moscow.html
/raznoe/kor-virus-product.html
/raznoe/koronobesie.html
/raznoe/koronovirys-dalshe.html
/raznoe/koronovirys-eto-vymysel.html
/raznoe/koronovirys-v-obschest-tualetah.html
/raznoe/kreslo-komputernoe.html
/raznoe/kruzhka-pi.html
/raznoe/krysy.html
/raznoe/kupol-upal.html
/raznoe/kuschevki.html
/raznoe/laravel.html
/raznoe/ludi__.html
/raznoe/luzha.html
/raznoe/medicine.html
/raznoe/miting-26-marta-ufa.html
/raznoe/moloko.html
/raznoe/moshennik-ili-fashist.html
/raznoe/my-html-pages.html
/raznoe/my-redactor-html.html
/raznoe/navalny.html
/raznoe/ne-o-svetlane.html
/raznoe/ne-zarekajcja.html
/raznoe/nogu-svelo.html
/raznoe/o-buddizme.html
/raznoe/o-Doroninoj.html
/raznoe/o-geneticheskih-pasportah.html
/raznoe/o-gibeli-mchs.html
/raznoe/O-GIMP.html
/raznoe/o-kachke.html
/raznoe/o-koronoviryse-2.html
/raznoe/o-koronoviryse.html
/raznoe/o-makarenko.html
/raznoe/o-naperstochnikah.html
/raznoe/o-nekotoroj.html
/raznoe/o-politsii-rossii.html
/raznoe/o-privivkah-1.html
/raznoe/o-privivkah.html
/raznoe/o-scorpions.html
/raznoe/o-smartfonah.html
/raznoe/o-staline-i-ukraine.html
/raznoe/o-stiralnom-poroshke__.html
/raznoe/o-strane.html
/raznoe/o-svetlane.html
/raznoe/o-teatrah.html
/raznoe/o-uristah.html
/raznoe/o-vrachah-1.html
/raznoe/o-vrachah.html
/raznoe/o-vremeni.html
/raznoe/o-web-razrabotchikah.html
/raznoe/o-zshenschinax.html
/raznoe/ob-obnovlenii-brauzera.html
/raznoe/obmanutye-dolschiki-na-kolenjah.html
/raznoe/odezshda.html
/raznoe/ona-vzdohnula.html
/raznoe/opyt-poseschenija-ufimskogo-dramTeatra.html
/raznoe/osa.html
/raznoe/otem-kvartir.html
/raznoe/pajalnik.html
/raznoe/patsientka-umerla.html
/raznoe/pensii.html
/raznoe/pereneseno.html
/raznoe/pervoe-znakomstvo-s-kripto-pro.html
/raznoe/pivo.html
/raznoe/pochemu-mne-ne-nravjatsja-spetsialisty.html
/raznoe/podgotovka-zshertvoprinoshenia.html
/raznoe/poleznoe-1.html
/raznoe/pomidory.html
/raznoe/posle-nee-12-let.html
/raznoe/poslednee-o-rossii.html
/raznoe/posuda.html
/raznoe/proshlo-vremja.html
/raznoe/protesty-bashkiria.html
/raznoe/protiv-vaktsinatsii.html
/raznoe/protsessor-intel-ujazvimost-2017.html
/raznoe/radio-detectory.html
/raznoe/razdel.html
/raznoe/raznoe.html
/raznoe/reg-v.html
/raznoe/rota-gazy.html
/raznoe/russian-in-ukraine.html
/raznoe/s-novym-godom.html
/raznoe/sberbank-jquery.html
/raznoe/shershni.html
/raznoe/sidenie-NIVY.html
/raznoe/sluchaj-v-banke.html
/raznoe/sokovyzshimalka-1.html
/raznoe/sokovyzshimalka-korpus.html
/raznoe/sokovyzshimalka.html
/raznoe/son-i-kishechnik.html
/raznoe/spec-simvoly-HTML.html
/raznoe/spirtnoe.html
/raznoe/stalin-i-fashisty.html
/raznoe/stiralnaja-mashina.html
/raznoe/strannye-ludi.html
/raznoe/strannye.html
/raznoe/strashnaja-eda.html
/raznoe/tipichnoe-nynche.html
/raznoe/tualet______.html
/raznoe/uaz-i-lampy.html
/raznoe/ukol-i-mertvetchina.html
/raznoe/ukraina-rossia-jazyk.html
/raznoe/uksus.html
/raznoe/universitet-i-prosto.html
/raznoe/vera.html
/raznoe/vino-17-let.html
/raznoe/vopros-ot-KGB.html
/raznoe/vstrecha-na-kladbische.html
/raznoe/vysota-dereviev.html
/raznoe/web-pages-I-see.html
/raznoe/youtube.html
/raznoe/zamok-zazshigania.html
/raznoe/zapah.html
/raznoe/zaschita-uchitel.html
/raznoe/zrenie-i-strah.html
/raznoe/zshenschina-chelovek.html
/raznoe/zshkh__.html
/raznoe/rasnoe_1/raznoe.html
/student/html-css.html
/student/OS-zadanie_1.html
/student/OS-zadanie_2.html
/student/OS-zadanie_3.html
/student/OS-zadanie_4.html
/student/OS-zadanie_5.html
/student/OS-zadanie_6.html
/student/OS-zadanie_7.html
/student/OS-zadanie_8.html
/student/PI-1.html
/student/PIS-zadanie_1.html
/student/temy-referatov-html.html
/student/VSST-zadanie_1.html
/student/VSST-zadanie_10.html
/student/VSST-zadanie_2.html
/student/VSST-zadanie_3.html
/student/VSST-zadanie_4.html
/student/VSST-zadanie_5.html
/student/VSST-zadanie_6.html
/student/VSST-zadanie_7.html
/student/VSST-zadanie_8.html
/student/VSST-zadanie_9.html
/about-site.html
/biography.html
/computer-programs.html
/distance.html
/esche-o-sne_Запасс___.html
/hobbi.html
/index.html
/index_С границами блоков.html
/my-redactor-html.html
/professionalnye-interesy.html
/publications.html
/student.html
/technical-page.html
/test.html
/web-services.html
/Новый1.html
